{
  "carrera": "INGENIERÍA DE SISTEMAS INFORMÁTICA Y CIENCIAS DE LA COMPUTACIÓN",
  "universidad": "Galileo",
  "url": "https://www.galileo.edu/pensums/?gphcarrera=ii",
  "ciclos": [
    {
      "nombre": "primer año - 1er ciclo",
      "materias": [
        {
          "codigo": "FG050",
          "nombre": "TÉCNICAS DE INVESTIGACIÓN Y APRENDIZAJE",
          "creditos": 3
        },
        {
          "codigo": "FI201",
          "nombre": "FÍSICA I",
          "creditos": 5
        },
        {
          "codigo": "IN301",
          "nombre": "INFORMÁTICA I",
          "creditos": 4
        },
        {
          "codigo": "IS425",
          "nombre": "TECNOLOGÍA DESCRIPTIVA",
          "creditos": 3
        },
        {
          "codigo": "MA201",
          "nombre": "MATEMÁTICA I",
          "creditos": 8
        },
        {
          "codigo": "PC111",
          "nombre": "CIENCIAS DE LA COMPUTACIÓN I",
          "creditos": 5
        }
      ],
      "total_creditos": 28
    },
    {
      "nombre": "primer año - 2do ciclo",
      "materias": [
        {
          "codigo": "FG051",
          "nombre": "EVOLUCIÓN DE LA CIENCIA Y LA TECNOLOGÍA",
          "creditos": 3
        },
        {
          "codigo": "FI202",
          "nombre": "FÍSICA II",
          "creditos": 5
        },
        {
          "codigo": "IN302",
          "nombre": "INFORMÁTICA II",
          "creditos": 4
        },
        {
          "codigo": "MA202",
          "nombre": "MATEMÁTICA II",
          "creditos": 8
        },
        {
          "codigo": "PC112",
          "nombre": "CIENCIAS DE LA COMPUTACIÓN II",
          "creditos": 5
        },
        {
          "codigo": "PC403",
          "nombre": "DIBUJO TÉCNICO",
          "creditos": 3
        }
      ],
      "total_creditos": 28
    },
    {
      "nombre": "segundo año - 3er ciclo",
      "materias": [
        {
          "codigo": "FI203",
          "nombre": "FÍSICA III",
          "creditos": 5
        },
        {
          "codigo": "FI306",
          "nombre": "ELECTRICIDAD",
          "creditos": 3
        },
        {
          "codigo": "IN303",
          "nombre": "INFORMÁTICA III",
          "creditos": 4
        },
        {
          "codigo": "MA203",
          "nombre": "MATEMÁTICA III",
          "creditos": 8
        },
        {
          "codigo": "MA206",
          "nombre": "ÁLGEBRA LINEAL I",
          "creditos": 4
        },
        {
          "codigo": "PC117",
          "nombre": "CIENCIAS DE LA COMPUTACIÓN III",
          "creditos": 7
        }
      ],
      "total_creditos": 31
    },
    {
      "nombre": "segundo año - 4to ciclo",
      "materias": [
        {
          "codigo": "EL216",
          "nombre": "ELECTRÓNICA I(S)",
          "creditos": 3
        },
        {
          "codigo": "FI204",
          "nombre": "FÍSICA IV",
          "creditos": 4
        },
        {
          "codigo": "MA204",
          "nombre": "MATEMÁTICA IV",
          "creditos": 6
        },
        {
          "codigo": "MA207",
          "nombre": "ÁLGEBRA LINEAL II",
          "creditos": 4
        },
        {
          "codigo": "MA415",
          "nombre": "ECUACIONES DIFERENCIALES ORDINARIAS",
          "creditos": 4
        },
        {
          "codigo": "PC118",
          "nombre": "CIENCIAS DE LA COMPUTACIÓN IV",
          "creditos": 7
        }
      ],
      "total_creditos": 28
    },
    {
      "nombre": "tercer año - 5to ciclo",
      "materias": [
        {
          "codigo": "CO210",
          "nombre": "SISTEMAS DE ARQUITECTURA",
          "creditos": 4
        },
        {
          "codigo": "EL501",
          "nombre": "FUNDAMENTOS DE APLICACIONES WEB",
          "creditos": 3
        },
        {
          "codigo": "FI210",
          "nombre": "FÍSICA V",
          "creditos": 4
        },
        {
          "codigo": "MA205",
          "nombre": "MATEMÁTICA V",
          "creditos": 6
        },
        {
          "codigo": "MA212",
          "nombre": "ESTADÍSTICA MATEMÁTICA",
          "creditos": 4
        },
        {
          "codigo": "PC119",
          "nombre": "CIENCIAS DE LA COMPUTACIÓN V",
          "creditos": 7
        }
      ],
      "total_creditos": 28
    },
    {
      "nombre": "tercer año - 6to ciclo",
      "materias": [
        {
          "codigo": "EL207",
          "nombre": "MICROPROCESADORES",
          "creditos": 5
        },
        {
          "codigo": "EL601",
          "nombre": "CLOUD COMPUTING",
          "creditos": 4
        },
        {
          "codigo": "IN205",
          "nombre": "INFORMÁTICA IV",
          "creditos": 4
        },
        {
          "codigo": "IS100",
          "nombre": "INGENIERÍA DE SOFTWARE",
          "creditos": 4
        },
        {
          "codigo": "MA213",
          "nombre": "MATEMÁTICA VI",
          "creditos": 5
        },
        {
          "codigo": "PC226",
          "nombre": "CIENCIAS DE LA COMPUTACIÓN VI",
          "creditos": 6
        }
      ],
      "total_creditos": 28
    },
    {
      "nombre": "cuarto año - 7mo ciclo",
      "materias": [
        {
          "codigo": "CO209",
          "nombre": "TEORÍA DE SISTEMAS I",
          "creditos": 4
        },
        {
          "codigo": "EC213",
          "nombre": "ECONOMÍA I",
          "creditos": 3
        },
        {
          "codigo": "MA214",
          "nombre": "MATEMÁTICA VII",
          "creditos": 4
        },
        {
          "codigo": "MA229",
          "nombre": "SEMINARIO DE INVESTIGACIÓN DE OPERACIONES I",
          "creditos": 4
        },
        {
          "codigo": "PC227",
          "nombre": "CIENCIAS DE LA COMPUTACIÓN VII",
          "creditos": 8
        },
        {
          "codigo": "SP101",
          "nombre": "SEMINARIO PROFESIONAL I",
          "creditos": 5
        }
      ],
      "total_creditos": 28
    },
    {
      "nombre": "cuarto año - 8vo ciclo",
      "materias": [
        {
          "codigo": "CO206",
          "nombre": "TEORÍA DE SISTEMAS II",
          "creditos": 4
        },
        {
          "codigo": "EC214",
          "nombre": "ECONOMÍA II",
          "creditos": 3
        },
        {
          "codigo": "IP100",
          "nombre": "INGENIERÍA DE PROCESOS",
          "creditos": 4
        },
        {
          "codigo": "MA228",
          "nombre": "SEMINARIO DE INVESTIGACIÓN DE OPERACIONES II",
          "creditos": 4
        },
        {
          "codigo": "PC228",
          "nombre": "CIENCIAS DE LA COMPUTACIÓN VIII",
          "creditos": 8
        },
        {
          "codigo": "SP102",
          "nombre": "SEMINARIO PROFESIONAL II",
          "creditos": 5
        }
      ],
      "total_creditos": 28
    }
  ],
  "materias_totales": 48,
  "creditos_totales": 227,
  "texto_completo": "UNIVERSIDAD GALILEO\nCARRERA: INGENIERÍA DE SISTEMAS INFORMÁTICA Y CIENCIAS DE LA COMPUTACIÓN\nTotal de materias: 48\nTotal de créditos: 227\nURL: https://www.galileo.edu/pensums/?gphcarrera=ii\n================================================================================\n\nprimer año - 1er ciclo\n============================================================\n- TÉCNICAS DE INVESTIGACIÓN Y APRENDIZAJE (FG050) - 3 créditos\n- FÍSICA I (FI201) - 5 créditos\n- INFORMÁTICA I (IN301) - 4 créditos\n- TECNOLOGÍA DESCRIPTIVA (IS425) - 3 créditos\n- MATEMÁTICA I (MA201) - 8 créditos\n- CIENCIAS DE LA COMPUTACIÓN I (PC111) - 5 créditos\n\n\nprimer año - 2do ciclo\n============================================================\n- EVOLUCIÓN DE LA CIENCIA Y LA TECNOLOGÍA (FG051) - 3 créditos\n- FÍSICA II (FI202) - 5 créditos\n- INFORMÁTICA II (IN302) - 4 créditos\n- MATEMÁTICA II (MA202) - 8 créditos\n- CIENCIAS DE LA COMPUTACIÓN II (PC112) - 5 créditos\n- DIBUJO TÉCNICO (PC403) - 3 créditos\n\n\nsegundo año - 3er ciclo\n============================================================\n- FÍSICA III (FI203) - 5 créditos\n- ELECTRICIDAD (FI306) - 3 créditos\n- INFORMÁTICA III (IN303) - 4 créditos\n- MATEMÁTICA III (MA203) - 8 créditos\n- ÁLGEBRA LINEAL I (MA206) - 4 créditos\n- CIENCIAS DE LA COMPUTACIÓN III (PC117) - 7 créditos\n\n\nsegundo año - 4to ciclo\n============================================================\n- ELECTRÓNICA I(S) (EL216) - 3 créditos\n- FÍSICA IV (FI204) - 4 créditos\n- MATEMÁTICA IV (MA204) - 6 créditos\n- ÁLGEBRA LINEAL II (MA207) - 4 créditos\n- ECUACIONES DIFERENCIALES ORDINARIAS (MA415) - 4 créditos\n- CIENCIAS DE LA COMPUTACIÓN IV (PC118) - 7 créditos\n\n\ntercer año - 5to ciclo\n============================================================\n- SISTEMAS DE ARQUITECTURA (CO210) - 4 créditos\n- FUNDAMENTOS DE APLICACIONES WEB (EL501) - 3 créditos\n- FÍSICA V (FI210) - 4 créditos\n- MATEMÁTICA V (MA205) - 6 créditos\n- ESTADÍSTICA MATEMÁTICA (MA212) - 4 créditos\n- CIENCIAS DE LA COMPUTACIÓN V (PC119) - 7 créditos\n\n\ntercer año - 6to ciclo\n============================================================\n- MICROPROCESADORES (EL207) - 5 créditos\n- CLOUD COMPUTING (EL601) - 4 créditos\n- INFORMÁTICA IV (IN205) - 4 créditos\n- INGENIERÍA DE SOFTWARE (IS100) - 4 créditos\n- MATEMÁTICA VI (MA213) - 5 créditos\n- CIENCIAS DE LA COMPUTACIÓN VI (PC226) - 6 créditos\n\n\ncuarto año - 7mo ciclo\n============================================================\n- TEORÍA DE SISTEMAS I (CO209) - 4 créditos\n- ECONOMÍA I (EC213) - 3 créditos\n- MATEMÁTICA VII (MA214) - 4 créditos\n- SEMINARIO DE INVESTIGACIÓN DE OPERACIONES I (MA229) - 4 créditos\n- CIENCIAS DE LA COMPUTACIÓN VII (PC227) - 8 créditos\n- SEMINARIO PROFESIONAL I (SP101) - 5 créditos\n\n\ncuarto año - 8vo ciclo\n============================================================\n- TEORÍA DE SISTEMAS II (CO206) - 4 créditos\n- ECONOMÍA II (EC214) - 3 créditos\n- INGENIERÍA DE PROCESOS (IP100) - 4 créditos\n- SEMINARIO DE INVESTIGACIÓN DE OPERACIONES II (MA228) - 4 créditos\n- CIENCIAS DE LA COMPUTACIÓN VIII (PC228) - 8 créditos\n- SEMINARIO PROFESIONAL II (SP102) - 5 créditos\n"
}